y,y_pred
95,89
32,28
32,33
74,75
39,60
61,74
79,81
71,72
40,47
70,79
89,81
51,50
93,91
31,24
82,78
6,87
72,74
15,13
96,99
87,64
72,86
90,79
52,56
11,16
11,21
37,35
94,85
41,35
1,95
46,46
84,93
69,69
30,42
3,99
60,59
15,6
71,63
80,90
20,19
47,40
44,57
72,75
80,68
7,100
56,41
70,65
24,18
35,54
73,72
78,73
30,42
100,97
78,0
59,69
32,38
8,5
87,81
20,42
28,56
51,50
16,19
65,55
13,9
78,80
23,9
50,53
58,64
34,45
6,97
76,79
25,24
40,26
38,23
71,70
32,46
25,29
92,88
14,16
46,62
9,6
6,6
78,67
44,32
32,46
94,3
54,69
61,47
55,86
29,16
35,38
21,12
74,77
64,56
9,95
81,58
41,39
37,23
17,2
91,95
1,11
24,39
34,25
27,24
90,96
11,10
87,81
34,50
59,38
55,56
26,26
90,84
22,23
45,47
12,13
78,70
25,22
44,42
76,77
4,3
72,57
93,87
90,91
27,21
82,88
81,84
72,78
52,53
34,48
6,9
83,89
60,62
73,74
62,71
91,78
97,11
99,89
75,64
15,28
35,36
58,59
46,43
85,97
42,41
13,1
2,95
77,83
33,40
42,40
51,48
50,55
47,56
30,30
18,32
18,9
19,32
4,12
53,62
58,63
21,42
42,26
82,89
47,56
99,94
0,3
32,23
9,12
78,72
54,79
93,1
98,6
41,45
64,69
63,61
93,75
30,34
19,22
8,11
65,58
47,40
66,70
98,1
61,64
12,100
9,11
17,2
17,20
54,70
18,28
12,11
75,94
28,20
0,89
43,52
71,70
10,16
88,93
60,57
94,0
57,53
85,88
7,16
98,99
95,11
92,71
13,24
71,85
28,11
32,45
51,55
27,33
5,20
22,35
64,75
35,31
18,1
17,26
51,70
89,94
60,63
2,98
93,2
98,88
48,40
95,8
91,90
0,10
6,100
23,19
56,56
44,35
76,80
77,77
67,91
95,5
69,61
97,75
62,69
78,69
33,24
94,2
7,100
39,46
16,26
98,91
16,25
48,39
28,32
4,21
79,83
20,34
80,2
20,20
35,32
42,49
59,36
59,53
27,40
27,39
8,14
55,23
5,10
63,76
62,65
21,11
87,66
58,59
17,21
47,54
71,74
29,20
49,39
63,68
89,91
66,63
96,14
18,25
5,96
38,47
29,21
91,80
61,62
62,67
38,36
68,73
4,11
81,100
3,77
67,71
3,92
76,87
8,35
60,59
53,45
77,75
36,34
33,36
20,18
1,12
20,18
59,70
78,73
1,97
54,65
62,76
20,22
19,8
14,16
49,60
33,39
65,0
8,16
88,81
83,89
31,32
59,50
63,52
47,41
10,18
8,15
23,30
1,95
97,88
18,35
88,92
36,49
53,71
41,50
77,93
86,88
1,98
89,82
13,22
0,90
17,100
6,9
37,28
64,70
29,20
30,40
100,12
33,48
31,34
17,18
98,84
35,36
18,33
42,50
21,18
42,52
45,56
90,4
75,79
73,76
51,42
53,53
29,21
70,75
44,25
48,43
1,15
44,51
32,37
23,20
99,83
100,99
98,100
2,10
62,57
64,74
91,91
72,72
13,7
14,9
2,8
99,13
28,34
90,84
68,63
37,46
27,40
14,0
35,44
54,38
31,32
70,68
18,19
66,55
20,13
35,32
8,94
63,65
84,78
49,46
20,10
50,51
75,67
21,21
98,14
100,92
52,39
51,57
6,1
50,59
56,47
66,64
12,100
16,5
14,24
20,19
53,43
84,89
53,51
67,65
93,88
75,92
33,33
84,94
89,88
42,55
55,66
98,99
20,21
99,100
59,56
77,80
71,67
16,28
4,99
59,67
79,81
49,49
14,9
63,60
88,97
23,17
48,46
44,28
2,89
55,35
96,8
76,83
55,55
79,82
79,69
25,24
94,98
42,20
41,55
47,37
5,11
62,74
54,44
33,33
34,24
56,42
96,98
3,9
22,10
55,57
24,22
89,94
93,90
69,56
80,72
7,94
95,89
31,25
71,65
19,10
76,64
89,99
84,83
82,88
55,55
20,7
1,9
53,48
15,39
98,7
17,5
52,43
79,69
72,88
34,55
75,52
38,35
36,34
31,27
54,53
13,3
97,72
3,16
92,93
77,67
26,28
67,76
11,42
73,94
39,26
70,71
23,23
48,52
75,99
71,73
76,87
44,41
35,30
56,51
28,36
33,30
30,28
29,21
69,75
35,36
61,65
85,83
66,68
76,69
15,7
77,96
19,33
62,53
44,40
44,46
25,35
45,58
45,52
83,89
21,11
47,63
80,85
54,64
56,56
58,61
8,17
30,31
25,41
62,54
67,58
17,19
83,94
55,31
83,77
6,7
84,90
55,55
90,95
42,39
100,95
12,11
17,10
71,71
21,24
61,51
0,82
18,93
92,89
69,57
99,95
98,99
57,63
16,21
43,38
4,13
96,81
17,18
89,87
79,84
84,96
81,96
16,8
65,52
89,96
2,92
68,67
61,48
92,94
35,30
4,9
12,15
65,51
72,68
42,33
58,67
0,90
96,85
61,57
40,45
10,16
84,92
20,16
66,63
0,5
88,96
29,17
47,41
100,97
44,49
97,99
89,85
1,0
39,45
62,67
47,39
7,99
26,24
67,70
69,71
59,50
46,25
38,50
26,35
38,43
24,38
72,59
43,32
88,75
85,81
18,8
96,90
6,9
58,63
21,10
69,60
67,54
11,22
61,46
41,49
20,18
88,82
65,60
66,66
15,23
74,76
90,83
85,76
62,66
20,13
45,52
65,69
51,85
72,89
59,64
92,3
71,75
41,46
84,65
43,45
57,80
8,16
81,83
44,41
20,20
24,24
75,75
46,35
10,9
79,83
51,49
44,49
79,88
27,15
29,39
83,78
32,32
98,81
31,21
62,61
3,92
48,49
26,22
25,31
77,72
35,26
17,12
95,86
49,59
64,64
67,82
17,22
72,68
29,24
63,55
0,2
39,62
46,52
28,23
86,95
75,74
99,8
47,46
26,29
1,5
54,54
39,53
77,83
97,17
13,6
65,69
14,16
12,6
63,67
81,3
66,58
69,72
36,46
35,27
40,37
97,87
77,79
39,36
8,20
60,44
15,34
34,27
81,85
18,51
17,96
92,90
33,35
91,84
74,67
42,46
65,61
19,16
39,50
88,77
28,35
91,88
78,73
82,80
47,64
25,36
42,31
68,72
46,63
82,77
70,76
39,39
11,17
24,25
47,51
70,68
75,79
6,100
77,75
31,33
19,9
87,76
12,10
25,18
59,57
14,19
43,51
98,84
64,59
37,39
23,26
79,70
69,52
81,90
100,91
64,69
18,21
1,99
34,29
18,94
58,53
11,6
17,3
35,31
87,87
8,12
16,22
48,51
74,84
88,99
35,35
30,29
56,50
39,45
31,26
17,14
23,34
42,37
91,90
65,43
9,20
51,29
31,10
36,44
25,38
98,81
56,67
26,11
68,69
54,48
97,82
26,27
54,57
92,89
84,83
63,59
45,37
58,68
28,10
52,56
1,0
21,29
47,43
52,38
87,88
33,26
33,52
58,57
10,28
76,74
72,70
24,35
56,55
100,0
57,47
74,68
36,33
33,39
67,83
50,45
60,66
6,1
26,29
35,42
43,39
66,66
63,64
31,28
42,54
61,57
86,85
13,10
84,80
47,42
53,51
71,63
28,40
2,4
57,49
59,67
74,80
42,51
80,84
51,51
77,68
93,1
16,18
80,76
37,38
54,72
27,16
45,64
33,34
23,18
96,86
27,13
69,70
62,72
7,7
11,18
47,59
4,7
66,78
6,25
44,51
93,98
26,35
35,32
37,32
15,17
25,21
20,25
21,15
8,14
99,25
80,80
32,38
53,51
13,27
62,58
98,94
6,8
27,10
74,64
89,2
58,58
56,49
62,59
50,59
34,24
59,56
74,79
86,84
16,16
1,5
87,93
42,45
83,84
30,31
98,92
55,60
65,65
0,99
67,59
92,19
57,64
86,87
9,12
7,15
49,57
20,39
44,29
24,30
9,95
15,26
39,31
86,94
67,58
63,63
17,21
93,75
93,84
20,27
38,30
89,72
53,41
55,51
83,85
96,90
49,38
49,61
22,16
100,3
18,30
60,55
33,34
32,18
94,6
78,86
14,10
76,77
4,7
26,37
48,64
34,35
57,59
81,94
53,66
72,77
94,100
65,81
99,98
17,29
32,32
94,74
30,37
46,51
87,90
89,93
45,26
33,40
32,31
93,1
84,97
89,86
33,25
8,91
62,41
23,32
75,78
49,36
98,6
46,35
5,6
74,71
36,32
73,77
55,58
6,23
34,35
90,84
77,95
53,61
65,80
61,59
59,65
28,22
27,24
81,78
57,56
0,94
97,90
31,32
11,17
45,42
48,41
7,22
53,49
48,33
6,8
49,66
52,35
84,73
52,57
65,57
70,67
31,38
32,35
24,22
81,85
67,75
7,19
75,75
65,42
0,94
31,43
98,87
55,51
36,25
72,70
90,91
94,1
84,90
7,14
75,69
67,55
82,96
84,86
16,17
93,84
1,8
30,16
36,22
31,23
31,30
66,62
6,16
97,96
53,66
47,51
62,48
22,18
94,3
64,78
53,50
51,41
51,60
11,25
19,36
20,15
33,41
8,9
3,0
73,79
57,47
19,39
41,43
1,4
81,78
27,41
68,56
41,42
63,71
33,29
18,17
99,88
61,58
31,23
12,13
76,82
58,59
40,42
64,67
84,86
39,33
38,46
35,50
22,7
66,81
38,48
26,39
7,0
35,46
46,56
69,66
72,73
19,21
32,27
93,94
13,26
51,62
13,14
0,87
32,33
45,53
15,14
6,4
85,74
38,38
77,77
36,48
72,82
37,53
78,65
32,36
71,76
18,28
100,91
41,48
68,85
84,87
55,52
68,74
29,34
91,82
30,17
84,66
31,29
97,22
53,62
22,24
34,27
96,8
90,97
78,77
95,90
15,30
32,20
64,59
73,64
91,95
69,54
21,17
61,57
6,9
39,49
15,3
94,88
63,86
64,77
73,96
56,60
45,33
76,90
58,67
33,40
14,97
69,59
76,73
98,89
22,31
10,15
47,42
77,62
22,21
58,53
44,43
17,16
33,33
11,98
42,34
57,55
80,94
62,55
39,30
31,26
67,63
84,0
42,36
95,89
62,63
32,28
41,49
51,37
80,78
16,29
89,91
65,76
56,59
98,90
28,17
8,20
14,9
31,31
19,17
85,83
79,85
73,74
4,10
26,34
20,12
61,59
38,53
32,26
92,97
59,54
84,79
74,98
18,7
92,78
69,74
29,37
95,10
3,0
19,9
71,57
38,18
51,30
4,13
10,16
89,83
88,1
91,93
13,18
38,36
0,4
33,25
97,1
94,91
31,35
73,80
21,34
57,34
58,62
44,47
41,42
57,48
94,10
28,31
87,87
84,84
4,95
34,48
32,26
57,66
54,51
30,33
29,35
75,71
84,88
31,31
38,44
4,28
66,76
95,95
6,100
47,57
27,44
9,0
71,55
82,88
83,86
3,0
17,7
13,99
89,89
69,76
37,35
47,42
72,65
62,67
27,28
77,76
13,3
70,39
38,25
83,83
73,79
18,18
50,65
76,84
35,44
76,80
6,5
36,41
93,22
70,68
93,3
66,74
74,74
82,77
6,14
88,100
53,65
93,79
16,14
56,60
17,17
26,35
53,56
42,56
71,66
82,73
38,35
55,49
50,67
74,72
21,9
80,83
42,32
13,4
66,83
66,62
34,43
13,16
5,95
47,49
30,23
17,30
68,74
50,59
87,80
26,25
67,59
9,29
37,34
90,86
24,23
96,98
46,60
80,73
71,56
84,85
73,79
18,21
8,7
43,37
86,78
65,59
28,28
100,100
99,0
7,100
40,45
67,72
53,53
17,2
15,22
72,78
58,59
2,14
10,16
59,61
23,21
94,91
86,69
51,28
55,42
70,65
89,98
97,96
98,13
97,93
43,50
65,85
64,52
64,74
80,58
67,69
23,8
68,64
74,73
57,51
7,7
88,85
55,54
0,99
24,36
41,40
41,40
56,59
51,54
56,45
60,57
53,51
88,98
49,40
83,70
79,81
28,38
82,81
34,38
60,71
52,31
93,96
33,47
95,93
45,49
66,94
91,88
24,27
25,13
42,41
74,84
25,20
67,41
74,63
3,99
86,98
11,13
62,63
51,47
76,92
26,36
89,89
22,28
15,26
75,75
94,4
47,56
96,77
99,86
9,33
44,34
47,50
34,52
24,35
86,92
76,75
10,9
62,60
33,28
12,11
82,87
20,24
77,65
32,42
9,100
20,23
37,46
90,97
59,58
66,60
25,29
64,57
74,75
53,50
41,38
31,21
32,27
43,57
61,62
90,97
49,43
82,80
36,43
44,47
27,24
86,93
36,31
90,96
62,55
49,55
67,60
13,9
19,22
5,13
71,70
62,81
16,15
36,29
9,91
31,37
19,14
61,65
5,96
97,95
9,16
87,83
27,36
55,41
28,20
33,34
96,96
8,6
16,19
48,47
61,64
47,41
1,9
51,56
86,77
62,67
36,13
72,68
67,75
53,54
71,91
54,68
95,5
91,75
22,3
17,21
53,41
14,4
15,14
0,84
17,2
9,20
55,64
22,15
69,63
59,55
95,90
69,66
71,57
54,58
32,29
48,54
70,60
62,70
43,61
84,92
68,71
36,26
84,99
65,70
36,49
14,31
24,34
66,59
77,80
56,59
88,2
66,47
56,51
15,24
60,46
50,45
57,70
3,82
30,29
17,2
42,51
17,15
61,61
7,100
76,79
9,9
62,72
91,6
59,59
10,13
21,18
33,17
28,39
93,75
43,46
28,20
56,47
58,57
1,16
11,11
0,7
70,69
38,37
68,62
1,14
19,12
27,17
12,20
44,56
81,81
50,61
46,29
100,84
96,17
70,86
34,6
25,26
42,49
13,21
29,41
45,38
93,12
16,8
84,99
39,22
16,31
28,26
89,94
11,16
52,48
38,61
18,36
53,73
52,50
81,92
83,87
68,77
1,9
12,13
51,40
84,92
20,12
21,18
3,16
57,67
40,33
84,87
76,58
0,98
85,83
33,38
46,59
3,15
100,90
69,65
6,9
56,70
73,81
18,12
4,99
80,92
26,48
74,72
93,6
5,94
4,6
51,46
67,62
69,56
76,69
83,79
4,97
32,30
48,69
44,54
17,17
62,87
59,50
3,94
88,92
84,81
21,24
78,77
41,36
41,32
99,0
20,25
11,13
50,51
57,54
84,84
9,5
42,47
11,19
72,92
12,23
39,45
80,95
99,80
72,72
85,68
24,35
49,47
79,63
7,11
12,27
1,24
99,91
46,47
16,23
66,72
38,31
94,1
73,76
9,12
70,56
14,1
3,9
58,73
92,85
69,61
2,85
57,72
60,74
30,10
34,29
13,25
66,60
81,87
100,8
48,40
49,36
86,77
49,51
76,86
96,9
80,92
91,8
29,20
0,4
96,6
43,57
20,9
59,56
65,57
22,7
25,39
25,31
92,83
80,85
29,54
38,28
4,15
61,84
25,24
58,58
72,86
83,91
9,16
30,41
64,66
33,33
4,19
54,76
38,50
66,73
14,19
2,100
42,40
32,30
74,77
95,90
20,42
59,49
14,8
18,31
97,96
60,65
61,55
45,53
10,3
11,14
26,14
51,44
30,49
11,19
66,57
14,24
52,52
74,4
94,100
86,84
33,46
26,20
66,69
41,40
64,68
18,6
99,97
1,0
70,74
64,79
74,86
25,23
73,79
36,39
63,62
25,19
37,36
9,3
35,25
89,99
85,75
33,32
33,19
91,81
81,75
64,69
0,89
57,33
94,85
65,71
34,23
89,97
53,52
28,39
72,75
96,97
4,23
7,18
8,8
48,60
76,79
48,38
97,94
94,91
13,16
19,8
14,16
10,5
27,28
5,4
0,2
29,31
3,98
3,18
71,58
81,90
2,100
14,14
47,62
28,49
28,52
95,95
46,33
87,76
2,0
99,100
72,83
30,41
50,32
61,56
35,28
6,2
11,18
73,76
40,54
2,5
49,64
74,71
5,5
56,62
19,21
88,90
38,48
6,7
12,10
98,4
15,18
5,90
94,95
96,94
75,84
25,30
27,36
50,59
95,94
89,89
5,98
56,50
83,75
95,3
15,6
40,42
23,23
62,58
67,71
57,66
93,78
10,7
46,49
86,87
69,81
42,38
59,61
96,4
21,13
56,44
1,11
28,23
58,78
22,21
5,95
61,80
17,14
28,30
42,39
4,13
98,5
58,44
55,46
85,91
77,80
41,28
59,35
49,60
26,18
3,92
56,43
72,61
51,51
46,51
39,33
100,12
51,60
100,0
65,67
29,33
88,92
73,89
93,91
78,70
55,53
75,84
85,93
16,38
18,93
97,4
22,39
41,45
17,26
0,94
97,12
6,2
65,60
87,1
98,84
26,43
54,50
16,10
68,80
23,25
40,55
72,71
30,13
56,60
28,29
32,34
98,6
91,76
16,21
81,64
38,55
0,99
14,10
33,21
22,33
72,74
52,63
88,85
38,40
27,32
38,42
25,36
56,46
11,98
76,83
79,94
83,80
90,87
32,31
74,62
56,46
97,84
24,39
70,77
73,73
91,95
37,51
21,12
28,14
13,17
82,87
82,55
27,37
88,92
34,31
43,53
46,39
19,24
36,37
72,80
67,61
42,31
50,42
96,1
69,71
1,97
44,41
20,17
94,73
94,3
9,6
85,92
4,99
74,72
26,29
97,88
24,21
44,42
96,79
9,97
27,39
82,69
6,96
36,37
96,90
7,98
43,51
100,100
31,23
3,2
63,77
52,60
50,44
20,24
1,4
70,47
33,32
30,24
98,91
72,81
56,72
16,14
15,19
99,12
94,79
3,12
13,14
12,18
87,99
14,14
8,9
45,34
75,70
64,77
47,45
5,99
5,22
23,39
20,19
1,27
58,64
92,93
36,36
10,22
41,41
46,38
81,3
22,54
41,46
74,88
59,52
74,85
79,79
56,49
53,66
32,28
40,37
95,97
49,30
85,95
69,69
9,18
61,78
69,82
54,52
5,11
85,78
90,97
60,48
48,49
45,45
48,69
4,16
38,44
66,72
69,50
65,70
91,96
63,69
11,12
3,13
88,97
3,13
73,95
31,47
47,63
0,86
34,42
86,97
35,36
8,95
55,38
66,71
24,30
94,83
5,21
22,22
47,57
75,64
76,71
89,85
47,55
36,52
89,78
100,3
61,60
51,49
85,81
74,76
79,78
75,96
33,30
32,44
34,46
19,27
5,96
47,52
20,4
22,39
36,19
7,18
49,43
81,77
48,57
95,90
29,22
16,99
55,60
22,21
63,61
8,96
17,4
11,95
100,89
95,4
90,91
47,55
37,30
17,20
49,48
94,6
58,59
36,45
27,22
96,18
64,62
20,21
77,59
85,85
55,40
25,27
5,90
86,90
42,59
47,51
74,74
85,91
54,44
22,6
20,3
93,89
57,50
33,50
88,93
22,16
52,32
65,54
89,5
86,86
15,22
12,19
3,6
5,10
43,42
63,74
0,89
60,83
15,8
48,54
26,11
21,17
23,19
49,56
17,4
5,1
83,79
16,10
90,86
69,74
21,25
81,81
18,32
68,60
9,96
57,52
0,7
53,46
73,73
24,35
95,87
69,67
81,85
86,92
44,39
99,90
37,32
16,16
4,23
68,76
43,40
5,87
85,80
70,61
78,78
84,65
14,17
38,28
27,37
50,46
97,97
13,7
7,96
71,57
54,55
28,34
94,0
10,21
53,58
35,28
49,43
93,67
84,95
69,85
96,0
100,88
81,82
32,26
42,33
34,40
94,8
78,80
93,92
78,70
14,18
38,53
82,96
33,34
71,59
4,1
84,80
63,70
80,80
92,96
24,34
74,72
51,59
76,74
40,9
15,10
57,36
13,25
46,40
22,16
76,69
87,86
37,48
20,21
58,71
77,62
10,3
58,54
70,73
5,93
38,47
89,87
33,37
35,30
0,94
48,61
87,89
60,59
38,36
6,5
34,62
18,23
40,42
16,20
84,82
27,26
24,39
22,13
28,29
74,79
72,79
70,75
97,90
81,82
42,42
87,93
52,57
49,43
31,35
57,44
93,100
93,81
49,40
25,10
28,27
30,17
10,24
98,11
51,62
70,78
46,48
72,68
24,30
67,72
11,9
54,39
14,6
91,80
73,78
69,90
50,43
13,10
59,68
34,6
43,34
21,19
15,9
17,21
36,41
79,77
44,58
18,35
27,24
14,7
11,9
63,81
93,86
36,24
90,91
16,25
16,19
40,39
52,50
70,74
1,13
56,61
74,59
96,84
50,28
94,2
20,26
64,69
71,65
38,32
12,10
53,55
92,98
25,36
45,52
60,60
54,69
72,69
5,8
89,88
53,43
56,62
48,45
13,4
1,11
41,50
20,8
79,78
37,40
69,56
95,1
35,39
73,66
72,57
43,52
30,43
50,51
98,5
64,46
73,95
46,28
28,49
87,71
56,63
78,85
2,4
61,43
18,13
9,95
39,18
95,77
40,40
79,91
44,49
8,0
85,87
51,63
52,53
42,46
62,73
11,28
25,33
74,73
71,57
17,25
64,58
25,9
9,1
97,8
37,41
8,26
76,72
45,43
23,32
69,86
100,7
73,72
18,14
58,47
69,78
13,13
81,77
12,3
52,54
23,22
28,12
20,20
9,7
16,5
70,79
62,61
7,2
33,34
74,76
67,94
6,9
54,62
70,72
11,6
75,77
13,8
13,22
88,98
40,42
55,47
42,48
85,65
84,92
79,70
4,10
11,6
96,86
87,81
20,28
86,77
10,16
69,47
22,12
95,1
40,35
85,68
77,64
4,0
59,48
96,99
26,30
64,79
25,10
62,68
48,41
42,49
9,1
3,4
91,90
42,35
16,25
88,93
70,60
55,67
81,83
26,20
62,60
99,10
18,22
4,6
44,35
90,91
89,88
25,22
99,85
7,15
78,80
55,70
35,59
95,98
63,67
9,7
35,25
44,40
94,2
30,1
51,55
74,94
31,30
67,69
79,80
64,52
63,61
98,91
57,66
9,10
35,34
66,76
57,57
2,97
31,30
56,42
84,74
38,22
9,97
86,79
82,83
91,91
35,42
90,82
33,50
7,1
1,17
97,16
47,49
50,32
22,8
60,64
57,46
31,47
23,29
86,76
30,35
54,60
52,47
49,44
47,27
36,24
43,53
97,14
61,71
30,26
90,81
23,32
0,8
79,92
4,7
80,98
13,21
51,40
1,19
50,61
91,9
64,63
11,35
37,39
7,7
63,66
5,19
80,69
80,78
44,49
5,95
19,18
63,58
99,13
97,13
2,18
62,66
82,93
63,69
77,71
40,56
25,22
32,46
93,3
83,79
34,32
95,95
64,63
19,34
43,44
8,8
72,77
21,19
34,29
23,6
27,22
58,74
60,57
24,11
2,95
66,63
92,84
32,36
61,65
23,10
34,31
32,33
87,2
80,89
43,52
87,3
5,99
41,52
89,4
18,26
15,34
98,3
68,74
28,18
78,73
68,66
14,32
64,75
18,26
84,95
9,4
43,51
53,47
41,47
3,32
30,29
99,9
47,57
81,78
29,32
93,91
12,13
30,9
62,57
99,86
67,63
45,47
96,94
74,98
54,49
72,62
11,3
44,47
94,13
31,35
91,71
72,83
25,17
23,29
75,59
10,23
24,29
7,81
16,11
64,70
67,57
83,63
46,32
66,57
34,30
19,18
5,100
31,42
5,6
71,65
56,46
27,36
83,79
20,32
98,7
15,18
27,29
21,21
67,72
23,22
90,81
4,98
87,97
11,18
95,88
31,37
96,96
88,81
81,90
50,57
87,86
64,52
100,92
59,68
76,70
78,64
28,28
38,27
59,48
25,21
97,87
4,84
59,93
72,88
51,56
15,23
68,67
34,25
28,28
44,48
71,76
11,99
90,85
63,71
99,93
18,2
93,89
1,97
9,13
17,3
12,10
25,34
84,82
23,21
50,45
42,46
89,95
54,58
48,42
71,75
57,69
37,37
80,83
16,2
99,4
30,41
94,0
81,84
97,79
41,50
82,86
3,6
11,1
84,77
36,32
95,6
97,98
38,12
61,79
46,46
61,60
35,40
93,77
75,65
96,94
24,39
11,28
44,42
86,68
40,40
77,74
98,1
60,55
85,85
67,58
86,99
38,29
95,11
34,37
29,31
37,35
95,96
69,77
51,68
30,36
93,84
57,61
100,93
73,56
22,10
30,44
55,62
100,72
1,100
62,31
0,96
11,5
31,46
89,100
75,82
40,37
79,89
59,41
7,6
11,11
53,53
22,18
41,35
61,68
3,98
78,76
10,2
31,30
7,7
50,64
42,61
76,79
34,35
85,2
13,15
74,67
73,83
89,97
75,73
94,92
99,99
45,45
47,44
7,94
36,35
66,74
81,83
98,8
27,31
85,93
53,49
46,55
90,92
56,87
64,67
10,28
74,77
67,74
25,31
65,70
90,80
63,72
6,18
39,27
54,59
47,61
27,18
60,44
55,60
12,20
28,21
20,23
95,6
47,58
64,39
48,52
57,58
22,15
65,64
75,73
15,13
24,19
58,52
39,48
9,27
83,85
35,31
29,16
99,7
13,8
44,44
72,75
67,79
30,52
44,52
35,50
93,14
39,24
81,78
34,19
62,70
34,29
62,58
87,88
27,28
21,11
48,51
86,0
81,88
27,25
2,97
64,74
51,79
24,19
35,34
12,30
35,31
62,69
49,50
89,9
1,24
96,91
8,97
97,94
73,97
14,26
42,43
30,39
80,86
0,7
92,100
64,57
80,78
92,4
98,4
33,12
0,2
1,3
42,48
39,44
13,24
71,88
4,100
54,55
14,8
13,21
40,55
79,70
91,85
35,24
94,7
98,100
52,55
98,2
91,97
73,80
32,17
21,52
54,60
89,95
72,79
68,69
3,4
8,13
37,42
12,98
23,35
41,38
38,39
18,31
21,19
67,69
73,62
9,0
0,81
67,46
7,100
42,45
29,39
52,53
77,73
49,39
82,76
96,3
84,88
25,49
50,46
56,51
1,7
91,2
67,58
10,96
34,52
43,46
47,49
72,76
70,75
67,58
37,53
43,37
91,93
80,96
19,15
53,59
84,83
17,24
9,22
1,4
30,28
7,12
24,43
70,79
73,72
31,32
31,39
90,95
33,45
59,64
0,88
2,89
31,19
74,97
58,72
32,54
72,66
99,5
80,72
58,47
47,68
37,49
63,71
36,53
39,30
24,24
76,80
21,6
79,79
37,18
60,47
9,8
80,98
25,19
75,86
56,43
24,25
71,76
63,63
14,18
17,18
77,77
73,77
74,85
53,74
4,89
94,77
9,19
90,99
9,28
59,68
85,93
80,83
50,51
40,36
36,25
46,52
0,100
51,42
44,46
82,86
72,62
33,41
84,89
8,18
12,10
73,83
20,23
28,17
55,47
74,73
16,0
8,3
100,2
95,95
43,40
81,93
78,82
1,0
86,78
91,92
59,76
56,59
69,63
12,9
83,93
93,100
57,43
95,96
80,79
65,55
36,38
42,32
77,84
20,23
7,16
92,85
46,32
9,21
35,28
51,65
0,15
32,33
60,61
58,60
56,59
77,82
55,44
0,15
10,12
14,12
59,78
36,41
17,9
30,20
38,19
35,40
37,33
70,68
14,96
55,46
94,99
44,40
81,56
12,10
1,86
1,2
75,81
86,6
66,68
53,53
79,66
66,72
43,45
62,63
4,96
90,1
64,58
78,88
29,40
28,19
54,56
13,13
54,53
98,14
64,55
21,18
79,93
40,64
29,37
57,81
79,66
90,84
9,20
73,84
83,81
86,68
3,2
29,25
53,51
18,25
93,90
6,8
32,26
28,4
69,64
42,39
49,39
35,41
58,62
68,48
5,99
12,0
64,66
22,18
14,10
100,8
33,24
23,21
37,37
15,19
23,14
96,91
41,36
7,98
80,19
44,32
97,97
10,18
85,73
29,25
72,66
64,64
91,79
39,50
86,89
71,85
10,5
58,60
37,40
6,3
25,36
33,38
39,51
65,67
96,79
61,61
35,19
72,62
8,97
78,73
30,35
59,37
86,80
91,91
64,59
89,89
83,68
91,91
95,97
31,48
36,21
70,73
91,86
59,60
5,99
13,42
13,8
80,62
58,51
90,14
70,44
71,78
78,72
92,95
20,18
55,64
98,91
84,83
2,92
75,73
87,83
79,89
1,5
68,84
24,16
56,41
29,25
58,61
36,34
92,95
79,85
41,31
7,13
67,80
31,13
32,35
58,57
61,57
90,8
99,93
81,77
0,91
78,91
47,40
9,21
49,53
81,85
87,71
28,16
43,62
52,66
35,45
1,83
44,44
20,21
16,5
42,27
45,50
61,52
37,47
31,43
83,0
60,45
13,0
0,92
87,93
71,77
41,30
79,69
98,100
42,30
55,43
87,98
98,8
5,2
35,37
5,5
91,87
98,19
15,25
91,87
63,71
91,70
83,87
70,49
66,72
12,5
8,0
11,81
44,56
70,89
20,31
38,36
35,22
34,33
50,65
40,37
37,21
71,48
68,85
55,58
31,19
35,37
5,4
57,60
94,79
36,46
64,66
10,14
9,15
34,21
38,39
28,24
29,28
12,14
32,36
86,83
19,27
84,65
80,69
56,45
59,62
23,20
60,68
99,94
42,51
64,74
78,82
64,40
62,71
53,63
26,27
84,83
6,81
48,44
27,26
94,91
97,70
98,4
39,30
7,3
17,9
75,68
17,38
19,9
35,41
68,53
8,11
84,8
82,64
12,37
78,98
49,57
52,40
58,57
28,23
53,59
70,66
37,41
76,84
73,85
9,7
37,31
26,40
53,60
77,72
38,39
49,54
65,49
56,54
50,50
5,0
22,24
91,73
72,84
19,31
49,37
83,78
98,10
95,89
86,86
60,50
10,26
89,94
48,44
49,51
98,79
7,17
59,50
50,66
60,61
69,82
100,88
59,54
19,21
49,41
94,88
31,33
7,1
6,9
65,68
70,79
40,42
36,47
43,38
13,0
77,76
91,4
36,37
99,7
54,50
73,95
68,88
81,77
11,12
8,4
54,62
79,76
22,24
50,51
42,52
33,38
93,7
6,14
54,52
86,89
23,32
29,26
100,18
8,21
26,26
58,54
22,26
0,1
20,20
57,58
36,34
57,52
90,76
12,19
30,24
22,34
0,4
93,89
88,98
45,60
27,28
5,94
81,97
18,40
14,14
29,35
43,17
38,30
19,36
47,50
74,79
99,96
75,75
91,82
21,32
26,37
61,52
97,1
50,49
13,12
96,1
64,68
51,48
39,35
1,4
37,23
71,84
65,70
52,61
61,71
88,84
83,74
31,25
23,3
33,67
25,30
50,46
37,37
76,96
29,25
11,96
43,48
92,84
47,44
100,97
65,64
9,29
12,15
57,43
95,7
57,69
43,55
20,18
47,44
52,41
0,80
11,11
65,72
22,25
13,95
93,91
70,70
92,87
10,7
70,97
65,55
37,26
60,55
34,19
64,69
36,48
65,53
94,84
67,64
8,7
53,48
74,58
35,44
82,80
89,88
72,84
76,61
76,68
8,96
36,32
15,23
91,80
7,2
24,30
27,19
74,70
22,34
88,95
58,45
14,14
17,18
65,62
17,10
23,15
28,35
65,76
87,62
72,85
28,41
58,64
99,96
83,100
1,15
96,96
63,79
76,88
48,56
63,54
81,90
86,79
42,46
13,18
54,49
82,76
84,66
46,25
99,96
44,52
24,26
47,53
39,32
65,59
39,59
20,8
39,38
57,55
81,80
16,3
24,24
26,25
13,27
86,89
62,76
86,80
56,53
27,19
24,9
12,14
23,25
1,6
87,0
92,89
91,90
36,39
48,45
13,14
38,23
7,3
80,80
57,63
34,47
35,33
78,87
88,71
86,93
64,60
26,34
26,27
5,0
4,95
39,33
72,84
86,91
22,13
88,83
56,61
37,45
52,58
53,49
91,90
91,8
45,49
99,93
76,70
70,69
6,9
1,89
74,77
11,3
73,84
87,84
21,28
27,19
77,77
33,24
72,65
4,10
46,63
51,48
2,7
62,66
99,2
76,78
95,89
35,50
36,36
9,96
54,32
91,0
58,46
100,11
100,1
64,48
57,49
53,67
92,91
68,83
36,39
53,54
49,36
58,72
50,30
95,97
34,31
15,17
22,27
49,46
11,100
95,2
6,4
70,57
93,98
12,22
85,79
90,93
95,85
7,3
65,48
77,79
35,34
40,30
60,72
89,88
35,38
79,86
32,21
1,97
52,62
53,64
39,40
54,65
2,94
73,65
88,76
4,11
17,21
91,71
85,67
10,13
49,62
89,75
45,51
73,96
13,33
69,74
70,78
86,92
18,25
44,36
51,49
13,14
44,23
8,3
15,26
13,9
31,36
74,79
60,61
17,25
57,57
0,11
17,13
78,84
3,11
90,85
12,8
87,95
51,39
15,21
57,67
83,78
38,21
77,73
57,63
9,98
88,70
59,61
100,11
58,67
87,92
100,96
38,32
82,57
66,76
82,78
7,17
8,9
50,73
18,17
88,89
94,95
99,0
80,80
62,43
52,48
39,39
37,23
41,29
24,3
87,58
61,53
0,2
52,48
89,99
69,60
58,47
26,17
39,58
74,72
47,41
68,64
11,4
89,99
24,40
9,13
32,33
18,11
20,20
89,100
54,45
42,37
46,43
84,78
1,3
88,92
32,16
51,44
33,40
22,16
20,14
28,49
78,90
41,36
91,86
78,89
38,44
88,70
48,36
38,31
0,92
44,60
28,46
2,9
30,39
15,98
44,40
95,76
0,93
80,61
83,97
28,36
61,67
99,91
46,41
67,69
97,84
23,23
59,56
20,9
4,7
27,13
3,21
67,78
52,26
15,10
47,48
93,96
82,93
79,70
16,18
16,12
23,37
9,12
54,53
86,79
43,50
30,58
54,58
71,79
97,99
46,52
7,5
19,17
74,65
73,86
31,15
68,59
61,72
59,59
45,30
82,67
36,38
41,37
34,48
91,98
53,63
42,64
14,21
23,22
83,83
29,9
94,96
57,47
53,54
20,36
36,31
17,8
16,35
77,69
93,86
57,80
53,37
24,16
2,97
17,15
95,2
93,76
32,34
11,5
73,63
61,77
75,82
61,60
4,99
32,19
16,11
37,47
88,86
34,36
78,89
34,28
4,11
9,25
71,80
7,17
35,38
70,62
32,41
28,32
37,55
64,56
1,5
0,99
58,54
36,33
71,73
11,12
6,7
18,6
77,58
15,24
97,95
15,25
78,87
78,92
73,91
14,17
18,27
96,93
92,76
77,77
9,4
56,69
92,87
32,41
72,74
71,69
69,93
97,96
33,47
86,91
92,83
58,49
22,14
41,25
31,42
11,9
0,91
26,29
38,35
59,56
39,51
39,43
57,78
19,41
62,65
53,45
51,58
95,78
14,16
14,100
37,20
67,65
60,89
79,85
43,40
75,68
7,15
38,57
77,66
42,36
17,19
18,14
0,83
86,77
85,80
96,80
54,54
58,60
77,82
76,83
35,28
97,0
82,66
97,3
89,92
46,69
71,75
90,95
85,98
46,63
15,94
62,45
65,71
21,22
13,21
78,62
96,100
23,19
87,80
84,88
20,9
66,58
66,63
33,29
94,85
72,67
67,56
40,53
2,12
18,20
54,53
48,51
9,5
33,32
91,80
65,57
53,65
58,45
96,87
46,56
75,72
23,23
70,56
10,15
75,71
66,62
9,5
1,12
50,28
43,55
46,53
2,90
8,33
92,7
85,91
10,19
33,20
2,100
10,91
29,37
9,95
95,93
62,76
94,99
29,50
39,52
89,10
64,68
93,3
2,16
86,90
81,75
89,82
96,1
19,21
56,54
11,26
47,45
14,14
89,91
39,42
13,16
77,85
3,86
93,97
0,97
40,28
33,33
18,7
8,24
52,48
95,80
64,62
27,21
44,40
78,63
18,14
69,70
60,64
84,89
35,51
54,59
7,8
100,22
46,39
45,50
56,56
4,88
15,25
51,35
89,0
90,84
20,24
35,33
44,63
90,93
11,21
63,53
97,97
95,100
85,6
50,52
67,61
36,54
9,15
3,6
7,96
24,25
11,13
81,90
96,89
54,53
56,48
81,81
5,12
84,5
71,74
74,59
99,94
21,17
77,88
82,70
87,93
33,33
77,62
59,65
28,41
56,58
94,3
25,33
28,22
6,17
52,52
28,27
79,82
78,74
66,51
33,32
93,100
2,94
74,79
15,17
39,41
2,10
54,62
13,24
46,49
56,68
55,54
67,70
34,32
21,32
45,43
88,93
79,90
92,89
45,46
22,28
94,90
55,50
66,69
46,40
64,47
99,0
47,44
77,71
3,94
71,53
56,63
77,75
55,60
21,22
87,93
79,93
19,29
43,50
55,56
82,82
19,11
53,53
2,8
10,83
48,63
65,59
70,64
15,16
33,37
6,100
65,82
7,100
41,59
62,71
64,61
27,27
50,44
92,87
7,1
49,39
1,2
9,9
63,66
93,97
99,95
61,66
96,98
52,52
12,23
49,55
57,56
49,48
48,31
74,62
21,89
13,29
39,38
98,2
70,63
27,47
53,41
82,75
74,53
95,82
38,25
52,46
47,47
77,74
73,87
72,69
18,17
60,67
94,90
44,49
28,40
81,79
10,3
65,59
63,64
43,50
32,25
20,29
4,18
31,48
59,67
34,38
78,99
28,28
74,75
99,100
52,50
37,39
34,33
31,25
90,84
66,85
11,20
58,54
99,89
19,20
71,71
78,96
4,98
94,98
97,91
5,16
25,35
19,11
78,74
14,17
66,65
84,100
47,47
13,19
76,65
67,50
63,68
79,79
10,34
69,87
72,79
0,6
86,83
23,34
96,10
25,17
64,64
33,10
22,25
32,50
72,80
14,30
17,31
67,51
56,52
49,52
67,51
3,19
60,39
71,67
16,18
23,38
86,94
65,76
21,22
40,26
66,55
90,7
75,80
35,28
48,49
91,94
27,27
40,30
43,36
36,34
73,89
69,81
36,33
7,5
90,94
36,25
80,79
15,15
8,8
42,55
36,35
19,7
77,81
69,69
59,61
78,70
51,48
49,56
13,4
60,47
32,38
90,96
19,14
59,54
65,65
31,45
33,47
99,2
92,9
70,74
80,56
21,28
34,47
86,98
97,99
73,72
4,4
70,65
11,5
90,84
74,79
23,42
36,28
71,79
53,53
36,34
56,75
68,80
56,56
95,84
85,92
83,2
61,64
19,19
38,33
28,23
72,68
42,30
42,40
15,8
39,37
39,40
44,48
89,94
61,80
31,19
59,46
35,31
35,11
35,32
23,16
74,85
25,30
35,48
5,5
42,41
11,31
8,7
25,22
57,64
70,55
39,33
12,14
8,12
66,73
97,2
75,82
7,8
59,58
28,34
9,23
66,66
66,56
68,54
72,74
47,45
98,71
21,35
50,46
37,55
12,15
16,1
87,72
28,20
22,8
3,86
71,73
36,26
82,62
18,16
20,19
15,8
16,6
40,36
61,72
11,10
26,39
99,4
13,12
9,12
93,96
74,74
1,100
92,90
3,92
90,93
51,56
20,26
100,86
81,68
80,77
14,5
31,28
51,38
32,30
12,1
16,14
19,14
97,4
46,37
10,13
6,12
89,90
36,32
34,45
0,89
53,70
7,2
52,70
97,7
16,14
0,13
44,41
53,64
16,20
23,32
52,49
25,35
54,50
0,100
19,10
52,61
100,96
89,92
68,55
37,47
68,78
90,98
33,47
30,26
68,70
39,19
17,10
47,56
37,46
21,2
38,37
57,76
62,78
13,100
56,70
27,31
92,100
25,8
80,96
90,9
81,1
96,96
75,54
75,74
36,44
94,1
63,42
89,87
100,9
2,3
64,71
87,91
31,27
16,17
88,78
32,26
65,67
37,45
67,64
75,73
25,24
80,78
0,92
18,28
81,92
73,69
8,39
17,25
55,54
22,13
76,78
22,35
30,30
97,90
49,22
12,16
38,31
49,42
83,96
37,49
53,40
15,20
81,70
57,44
92,94
99,10
62,64
67,70
98,1
57,63
84,87
54,44
65,60
26,2
69,83
67,83
52,50
83,74
52,59
86,69
39,59
31,98
42,57
88,81
23,24
43,36
14,99
88,91
19,37
45,46
96,86
72,64
76,61
86,86
56,64
99,98
8,11
49,35
51,58
30,41
32,22
38,25
13,83
4,15
70,73
55,56
20,33
6,10
30,25
26,39
32,29
99,2
48,44
83,83
81,65
33,48
39,31
11,21
30,27
77,81
52,55
41,46
70,73
1,92
48,38
68,70
61,41
72,78
50,69
80,84
49,45
95,97
66,58
58,58
0,74
41,58
4,8
37,32
42,47
97,82
14,25
64,70
71,53
19,33
58,75
55,76
71,87
16,0
81,83
80,67
72,74
82,73
92,89
0,92
1,1
41,30
78,64
87,83
64,56
41,56
37,46
52,60
58,70
33,30
17,38
18,18
38,38
27,43
91,91
65,55
12,0
41,38
70,60
82,86
24,31
100,96
39,40
0,89
95,97
32,34
68,73
40,37
13,4
64,63
64,73
97,98
40,34
57,59
56,44
45,37
83,71
87,72
31,24
98,6
80,92
15,96
83,86
16,23
81,91
47,40
99,3
70,69
61,63
88,72
100,12
89,88
78,73
58,62
86,72
9,2
28,41
79,78
32,29
21,18
91,1
48,63
1,2
99,91
45,51
54,61
3,89
67,83
76,91
13,91
86,85
86,87
28,14
100,17
48,39
20,16
58,64
21,16
65,76
96,86
14,13
64,60
5,13
45,33
66,63
79,66
75,79
23,10
96,83
66,59
41,29
70,69
12,19
82,81
47,61
79,77
43,41
59,53
20,37
98,5
32,30
36,27
24,20
16,24
84,85
87,83
37,37
29,26
41,34
18,9
63,56
19,18
70,59
77,90
85,80
55,32
96,92
59,60
68,62
32,21
9,25
95,90
31,36
40,39
41,35
29,36
71,59
33,42
99,10
48,56
82,91
17,24
26,31
30,16
26,24
40,48
55,53
14,3
63,65
51,61
31,20
12,26
26,42
31,37
72,57
67,66
25,31
70,65
69,88
41,42
48,48
16,21
23,38
43,43
30,20
30,29
46,49
39,44
83,81
66,86
27,29
65,58
2,16
75,89
21,31
79,85
52,58
43,49
3,0
30,29
90,95
4,96
62,43
99,1
38,59
44,46
88,89
94,79
59,53
74,49
25,33
7,92
3,11
44,45
80,89
37,44
30,20
55,57
54,64
41,51
58,46
96,96
88,92
77,55
75,66
61,67
41,41
58,39
66,63
83,73
10,11
98,98
93,99
13,30
8,99
88,88
100,92
23,34
26,26
69,78
2,2
47,51
60,39
17,9
94,92
43,43
84,76
43,52
3,4
28,21
17,5
75,69
4,93
33,44
61,75
88,78
39,45
12,10
32,29
60,69
10,17
64,84
26,19
75,66
74,87
32,34
17,5
16,37
9,7
16,14
50,38
33,26
3,2
21,24
39,42
40,43
54,61
43,45
59,76
47,39
29,24
52,32
99,1
34,27
20,11
48,43
81,70
59,44
25,37
77,83
60,61
79,82
7,97
48,32
93,99
7,23
94,10
56,58
54,41
74,79
94,7
3,11
51,61
42,41
69,75
48,56
86,82
39,52
35,32
51,70
99,6
0,11
91,93
95,99
50,54
16,18
56,61
91,94
32,45
65,68
7,100
63,59
55,56
32,42
24,37
96,85
7,2
26,38
50,41
28,30
71,60
8,16
65,48
68,73
89,94
98,98
61,61
44,54
19,23
35,13
68,59
55,80
76,61
18,30
85,82
25,9
87,83
20,7
28,28
94,85
68,65
12,21
74,74
62,59
43,55
15,41
1,16
14,15
29,35
50,50
87,93
73,56
59,47
26,21
8,17
69,53
47,62
79,77
75,64
85,69
58,51
85,2
51,65
65,89
64,62
27,48
63,52
25,29
36,17
59,65
59,75
54,66
20,5
57,26
98,93
94,99
13,19
87,81
0,12
55,64
51,52
99,94
59,69
51,40
99,4
15,28
84,99
83,76
23,30
7,11
27,40
55,56
66,82
27,24
18,28
85,78
63,77
84,68
5,97
76,74
64,51
38,38
8,23
43,32
89,89
48,39
11,11
68,63
43,31
51,52
9,7
35,22
3,99
38,57
89,2
39,44
27,33
83,82
46,48
58,52
92,91
91,86
52,51
68,81
19,12
32,24
7,97
63,85
65,79
33,39
28,26
91,0
35,13
16,17
93,72
45,50
79,74
37,59
46,43
61,61
22,21
13,15
31,32
11,14
94,73
56,58
19,33
44,50
85,84
56,51
52,56
44,41
78,59
15,28
40,61
84,73
71,93
65,76
26,19
79,89
41,48
52,38
85,89
66,60
2,11
46,51
32,43
58,59
66,65
43,35
18,21
24,31
0,0
11,4
7,25
13,11
65,64
99,98
95,77
60,60
62,65
49,42
40,30
29,39
35,41
94,96
13,21
40,46
9,13
8,15
57,55
36,49
45,24
55,34
14,9
79,88
24,38
100,4
75,74
74,82
88,84
63,39
93,89
32,40
14,7
58,61
94,95
17,17
68,61
31,32
97,85
75,97
41,45
74,76
100,94
1,6
9,13
8,25
14,2
48,56
39,25
89,91
42,51
20,10
44,59
80,73
98,11
99,9
28,23
68,66
99,13
85,88
28,46
48,30
98,79
10,7
83,92
66,78
53,70
21,34
24,25
70,66
84,95
87,96
40,50
8,7
14,10
75,77
45,40
7,9
39,43
35,44
69,68
99,100
52,39
19,7
5,2
80,87
9,33
35,20
75,68
2,87
20,25
8,20
1,6
83,82
66,72
44,26
100,12
39,38
68,74
6,13
53,59
12,27
100,93
67,73
99,18
64,60
56,54
9,8
53,64
38,59
73,71
49,50
25,50
92,2
75,95
67,72
62,66
82,74
2,2
6,5
81,69
8,23
48,47
77,80
72,81
47,40
10,22
61,60
84,89
46,41
8,23
28,37
73,79
55,65
64,64
30,29
54,62
35,47
85,90
49,53
46,59
67,59
34,17
57,47
28,32
96,9
28,32
55,62
9,13
66,55
16,14
47,63
2,83
17,5
10,6
0,1
19,11
61,63
90,97
95,82
77,92
34,38
32,33
46,45
86,66
52,56
26,31
87,78
76,89
81,75
21,8
61,60
86,97
56,59
38,16
62,73
73,80
18,21
97,91
9,5
67,69
75,65
71,74
0,89
3,4
55,46
53,52
4,93
71,58
97,100
17,21
55,63
87,91
10,6
0,96
82,93
71,70
20,98
40,57
49,59
86,83
85,87
11,1
53,62
69,77
45,60
52,52
55,62
97,96
35,30
84,90
45,50
59,68
30,51
46,42
12,0
41,67
67,75
56,57
59,60
45,46
78,95
40,41
58,56
5,2
51,62
18,15
23,18
14,6
96,2
81,99
43,46
12,3
69,69
96,88
75,69
28,26
19,26
92,96
49,49
8,100
75,75
20,4
93,4
66,68
91,89
29,31
65,67
32,9
9,9
44,50
11,23
32,25
58,57
14,15
14,7
6,98
26,28
47,37
69,73
24,20
40,25
2,95
36,39
45,48
8,26
55,58
96,98
24,29
37,38
7,9
45,57
78,84
44,45
57,51
93,92
72,76
47,35
61,64
99,89
70,64
25,5
52,60
13,16
76,59
93,90
76,62
26,29
29,27
93,99
2,94
22,13
10,4
88,85
47,53
49,56
29,27
89,98
0,89
30,38
56,50
95,91
23,13
55,53
44,38
67,71
90,97
65,61
17,7
76,82
17,2
88,74
61,44
57,71
80,86
68,47
87,98
91,86
71,53
99,85
20,20
82,82
22,6
73,63
39,26
10,3
67,74
66,57
78,79
9,8
8,13
68,53
11,5
57,53
72,81
44,51
17,20
53,63
28,28
84,86
83,74
37,39
39,46
37,47
40,41
47,42
22,23
85,74
66,53
11,16
32,15
52,72
71,78
7,98
69,67
59,66
75,79
97,16
13,3
97,99
52,58
79,73
90,94
79,81
82,82
19,18
14,17
93,86
19,28
63,67
23,22
56,52
46,41
83,75
64,55
8,2
30,37
46,49
91,94
79,81
80,86
83,77
37,31
0,3
92,70
91,84
54,44
44,33
73,89
11,14
31,39
61,63
52,54
93,96
6,13
44,28
37,45
52,64
92,87
1,87
44,51
38,38
67,65
8,16
37,45
66,60
60,62
100,13
54,51
7,13
75,64
52,58
73,61
23,26
27,35
47,46
50,52
30,45
53,73
50,48
74,61
12,14
80,58
18,14
72,72
59,56
6,0
84,60
34,9
24,18
11,26
51,38
11,13
51,70
7,97
59,51
1,12
40,44
80,96
9,24
80,58
65,65
62,45
82,91
37,39
33,29
66,95
54,64
90,87
16,26
12,100
7,19
99,92
27,42
70,79
8,11
1,97
80,75
65,75
83,78
59,52
1,91
100,93
27,25
57,33
15,11
54,66
58,74
15,19
14,15
7,1
22,39
86,83
78,90
21,25
36,46
23,25
96,13
86,85
31,37
52,61
4,7
45,50
78,87
95,95
48,45
28,30
87,90
44,29
13,4
80,82
57,54
98,1
11,7
48,34
83,87
35,29
36,18
55,39
96,87
67,64
8,12
89,93
6,14
11,80
80,79
48,40
49,55
98,96
17,9
86,94
21,2
48,51
91,79
35,48
7,5
83,4
89,4
51,43
46,39
88,1
49,50
99,96
16,24
26,43
72,84
86,87
79,78
29,24
12,19
32,31
63,68
80,58
79,69
97,5
93,97
68,61
94,96
30,30
90,85
58,61
73,53
71,76
65,67
75,63
25,13
8,9
25,42
60,78
39,36
74,91
50,53
100,100
63,50
56,50
27,39
65,77
24,37
8,19
87,86
73,71
39,56
12,17
7,13
50,51
78,69
0,98
65,57
40,30
6,98
62,65
76,65
19,32
90,86
0,0
77,62
100,14
38,43
21,17
18,5
79,85
64,78
21,18
49,45
7,95
34,20
15,16
100,16
33,47
69,79
72,60
74,82
16,12
24,13
60,77
91,90
72,71
43,61
92,96
68,43
68,86
44,50
56,70
99,19
18,12
8,100
92,93
29,15
31,38
91,84
31,18
78,86
2,13
27,57
12,92
51,45
40,28
59,60
8,22
86,90
59,42
15,31
17,12
77,84
39,28
55,56
30,31
66,68
100,1
13,89
1,90
81,77
21,98
57,67
98,15
74,71
37,33
23,23
95,84
43,34
51,61
25,28
82,72
37,33
39,48
55,59
68,65
45,56
17,18
32,39
69,69
92,89
28,45
87,91
43,56
27,22
80,60
41,45
58,59
68,64
37,30
39,33
45,40
35,50
28,32
4,5
34,34
21,21
0,93
59,68
64,51
49,42
2,91
8,15
8,31
37,41
2,94
87,84
24,28
48,44
40,43
26,24
38,38
11,12
16,20
63,47
54,64
17,21
5,93
43,34
24,16
43,52
24,18
57,76
63,73
40,39
44,43
48,44
30,35
35,35
38,28
94,4
80,65
8,15
60,58
41,29
97,96
25,18
91,96
64,78
98,99
10,0
11,16
51,41
60,57
23,27
24,33
42,46
33,17
17,12
8,18
18,30
23,37
58,53
37,30
33,38
20,3
76,66
47,47
59,55
92,73
88,99
28,28
94,77
9,11
11,28
66,83
51,46
69,70
12,23
77,89
63,60
17,16
20,21
12,6
82,91
100,91
55,70
50,54
81,69
52,52
57,77
91,89
19,27
40,30
0,15
50,55
49,40
98,7
15,14
75,64
97,91
51,60
10,92
91,94
66,66
44,38
59,77
56,60
37,44
47,49
13,14
56,59
89,80
55,71
98,100
99,6
27,32
27,25
10,10
18,19
1,4
42,43
19,24
90,2
96,88
60,47
3,7
73,88
52,75
100,97
75,79
36,28
55,46
25,39
73,96
34,31
19,21
78,65
11,1
7,4
86,4
66,59
1,96
43,38
27,22
61,45
100,94
59,74
88,91
3,3
86,74
75,81
95,97
46,37
77,86
72,83
54,56
54,54
74,82
44,52
9,4
0,91
78,66
23,30
53,34
93,70
3,9
93,97
46,47
89,100
72,73
71,74
84,93
87,82
19,19
45,27
47,54
59,48
6,12
0,93
97,90
47,63
64,57
27,31
4,26
37,60
61,69
34,40
33,30
21,9
9,31
17,20
78,84
51,51
42,56
51,62
73,76
3,10
62,57
23,43
2,5
34,27
69,57
64,77
80,66
85,94
70,63
16,19
82,77
98,91
69,76
87,99
34,55
37,17
52,47
70,90
44,34
75,87
91,90
73,69
91,62
42,53
3,99
28,30
21,21
72,77
11,99
47,38
3,99
88,80
94,93
100,100
7,4
69,69
23,26
90,94
19,15
84,1
59,64
54,44
97,79
66,92
87,72
71,70
31,12
33,46
40,47
48,34
55,30
25,33
100,1
22,20
24,28
1,5
23,32
39,49
54,48
27,23
44,42
6,5
72,68
53,49
36,35
31,44
94,82
44,36
62,52
2,97
14,11
34,52
8,22
53,68
7,5
90,2
45,29
54,72
30,33
61,43
94,91
89,86
30,20
85,73
16,19
8,5
96,97
82,87
56,47
58,59
3,10
61,70
62,58
51,66
39,36
10,10
55,48
23,35
10,6
48,38
64,71
78,76
64,76
85,75
81,73
28,33
73,86
47,35
99,98
85,2
28,33
42,28
70,93
26,14
100,0
40,32
97,0
99,3
99,1
98,84
2,18
88,2
55,61
41,25
32,43
79,78
50,51
32,36
6,20
58,57
43,35
29,4
66,70
26,23
16,25
35,33
8,7
49,42
75,87
61,68
13,98
42,62
54,75
86,73
28,32
13,13
100,2
69,66
90,2
14,12
99,4
80,75
88,83
72,77
18,15
17,18
47,64
43,44
94,0
89,87
79,94
24,6
72,55
3,84
96,84
24,7
5,8
17,17
19,23
97,5
82,92
74,86
66,76
75,83
93,87
41,37
97,90
45,30
74,70
36,57
57,55
58,52
5,8
56,64
81,85
55,77
64,67
58,75
21,9
54,53
96,8
24,33
93,76
96,96
51,56
92,92
87,74
36,52
89,86
47,39
10,10
18,21
99,91
79,6
87,82
77,86
8,9
31,12
71,87
35,40
45,50
17,22
63,70
48,67
15,29
76,91
9,9
44,48
48,20
68,56
82,85
99,0
19,7
43,50
22,22
10,11
35,54
40,53
13,15
57,78
36,48
40,42
54,59
70,74
77,82
15,36
45,43
46,42
49,45
10,4
5,8
39,37
15,99
59,65
51,58
95,1
55,67
70,86
100,83
15,17
71,71
88,74
9,1
7,9
2,99
26,32
25,25
86,79
42,42
14,18
62,61
25,20
61,52
15,7
38,34
5,2
83,77
91,86
62,63
63,60
32,26
55,54
46,29
48,60
76,71
77,63
6,7
21,8
30,26
49,53
76,71
3,8
17,11
62,55
43,52
83,83
55,60
64,83
76,60
31,26
59,60
72,63
76,89
11,6
88,86
93,88
93,94
38,49
96,91
94,92
57,44
29,29
47,57
40,49
15,31
83,55
82,97
99,4
30,33
59,52
93,100
30,28
68,69
42,55
35,31
93,91
94,2
57,59
57,74
94,85
98,98
38,67
21,26
72,74
56,67
35,30
65,55
34,32
40,32
34,16
60,68
62,66
39,39
3,16
3,13
65,71
96,93
52,51
23,52
28,40
62,48
39,32
39,73
16,21
37,34
1,3
33,53
22,16
14,18
77,74
15,17
10,5
56,63
9,16
59,56
23,35
91,94
62,73
38,26
70,69
58,57
77,74
26,25
26,39
53,57
22,20
79,73
61,71
34,40
18,10
57,65
93,99
10,5
59,64
76,83
91,80
22,20
38,42
1,14
19,27
78,89
83,90
2,20
73,74
58,52
18,7
72,77
73,69
48,37
65,74
38,34
35,39
82,93
78,73
57,77
65,55
26,44
67,46
13,11
7,13
1,8
82,75
22,20
94,100
72,64
9,96
33,19
25,38
83,98
71,66
90,92
91,95
20,96
11,14
96,1
78,80
90,95
29,28
49,45
59,72
74,71
12,18
7,9
77,80
30,46
71,70
33,25
73,84
40,35
45,46
61,62
36,57
17,9
29,51
98,4
50,46
40,31
21,10
4,99
76,84
12,5
90,2
77,68
38,40
60,62
27,22
51,58
95,94
2,8
22,42
16,9
49,51
37,39
19,24
57,44
50,59
55,42
93,20
22,23
52,59
83,77
86,84
93,97
62,64
55,52
48,43
24,26
21,16
92,94
3,5
4,100
20,24
26,41
57,61
60,55
85,98
45,32
90,93
98,9
31,25
68,89
85,82
69,70
36,46
85,94
94,69
89,70
45,40
83,78
84,75
42,35
7,16
78,87
93,93
84,70
26,20
69,79
98,97
84,78
60,65
9,5
39,20
90,86
20,16
52,42
3,84
72,76
17,26
21,34
53,51
12,99
9,14
98,1
57,57
91,77
35,31
30,38
69,88
94,91
21,32
43,33
91,91
27,29
19,27
10,10
5,11
62,78
36,42
2,13
36,36
96,88
38,47
17,21
93,93
83,98
24,20
76,79
87,74
80,84
1,90
82,85
73,81
64,56
1,5
54,69
68,58
100,97
57,62
10,17
17,11
64,59
31,35
95,62
87,87
97,12
2,91
25,32
37,37
46,40
52,40
98,0
10,2
21,23
65,77
18,1
36,44
98,14
26,34
61,74
52,45
25,18
24,39
54,67
39,48
41,17
57,50
48,48
26,34
47,40
53,56
69,74
7,22
18,30
3,1
37,27
2,12
56,50
82,83
3,100
50,54
36,47
92,3
9,7
69,75
52,41
71,78
21,11
73,73
79,94
4,8
44,30
27,40
76,82
77,69
53,57
94,98
96,95
77,92
54,48
28,37
5,4
4,96
2,14
89,93
10,8
85,69
15,7
92,93
19,11
97,93
15,13
70,76
66,60
19,22
95,86
55,58
15,19
28,23
59,65
42,36
47,53
9,16
15,14
55,59
92,96
95,1
59,58
18,15
43,43
4,32
41,39
81,59
20,26
77,73
44,45
26,30
88,90
38,64
34,44
69,79
81,87
53,60
32,42
20,40
51,63
42,39
78,53
40,43
15,24
23,38
19,21
88,73
13,6
21,33
13,10
45,61
38,49
38,33
86,87
85,73
15,5
13,23
26,28
83,83
71,80
51,50
98,87
94,93
19,39
50,45
37,29
44,61
21,16
59,42
10,19
33,31
75,64
69,85
62,66
19,20
37,22
62,76
76,49
21,11
3,7
54,62
42,55
18,11
83,77
44,41
75,63
100,10
15,15
85,96
42,57
23,37
28,33
9,10
72,73
46,47
96,91
94,87
29,39
30,57
1,6
3,10
90,93
82,83
56,60
30,17
90,85
19,21
57,39
67,52
10,21
65,53
10,95
25,12
69,68
70,74
27,24
88,83
59,45
36,28
18,23
75,70
70,76
32,12
26,20
11,20
56,64
32,26
96,6
21,11
7,13
94,81
11,2
29,21
48,48
62,37
1,97
52,50
84,80
64,59
16,4
22,20
64,73
1,7
63,78
75,84
21,22
26,41
49,54
37,33
60,58
75,79
24,25
92,99
80,89
48,40
18,5
56,63
99,92
22,21
66,75
100,16
30,25
14,24
18,45
67,73
92,87
47,52
74,60
20,14
76,77
73,72
81,83
68,71
77,69
8,11
24,32
82,83
59,61
10,99
24,38
83,97
85,89
51,69
48,31
1,98
1,18
85,97
57,63
81,81
48,36
71,72
63,65
97,8
70,60
13,16
81,76
64,63
53,62
9,7
67,71
32,24
71,76
25,25
40,58
71,58
33,33
52,46
38,32
52,48
54,51
28,19
61,51
93,98
87,95
41,47
73,79
22,21
57,68
43,62
14,3
39,48
24,47
97,0
75,78
40,33
90,0
16,13
36,18
21,28
100,2
76,91
85,83
28,22
46,52
19,15
88,94
57,54
47,58
82,79
98,0
61,62
41,47
31,26
5,10
82,85
41,38
77,54
88,95
49,48
35,31
25,40
79,87
86,76
19,41
97,5
5,24
30,32
44,56
26,17
14,24
53,58
11,21
21,23
57,64
89,82
50,63
77,87
9,26
13,31
94,90
86,83
32,35
48,55
15,1
17,6
5,10
97,97
97,97
80,79
29,32
1,92
28,22
35,23
31,30
43,39
51,49
98,2
63,61
98,8
78,69
18,21
23,29
88,81
85,78
97,100
67,72
90,5
11,33
27,22
70,62
90,79
27,19
16,96
61,46
14,14
47,35
2,9
98,5
60,55
42,37
34,40
11,0
19,2
81,99
61,85
96,78
44,10
13,0
59,45
51,50
26,26
14,12
19,23
9,0
39,61
84,93
34,22
29,22
15,8
75,83
95,3
32,46
2,14
81,66
31,42
3,100
21,37
39,40
37,51
22,31
8,15
100,5
8,13
98,85
25,34
57,68
17,22
2,94
84,81
50,48
26,39
7,29
98,1
41,39
36,27
79,81
64,57
25,13
88,99
84,80
25,29
92,95
27,36
88,1
97,2
73,78
78,69
86,95
3,3
74,78
93,88
6,80
7,7
22,21
10,98
14,1
68,67
29,31
82,71
89,100
53,63
100,8
91,82
6,1
82,73
39,37
38,37
55,39
85,85
29,26
51,70
65,36
28,16
35,49
46,59
39,36
15,29
61,68
23,29
57,58
18,18
45,42
88,1
7,8
70,85
1,82
54,58
14,5
48,50
42,35
37,40
7,94
1,5
27,51
3,92
2,100
83,78
64,70
70,80
26,32
25,47
10,12
66,51
77,72
27,49
14,6
86,89
81,67
40,38
52,49
57,55
89,99
63,51
59,54
6,8
72,86
80,92
3,0
43,56
32,35
5,11
28,21
46,61
81,80
66,65
43,43
99,4
6,24
31,31
43,43
65,59
87,83
49,54
0,15
21,15
32,38
32,27
70,63
83,82
44,42
3,0
30,47
89,4
14,22
80,78
89,94
31,31
30,14
5,23
42,51
26,30
78,93
93,91
0,8
68,76
93,1
98,99
50,33
97,98
95,6
19,15
56,52
74,56
48,46
12,14
60,51
70,59
44,50
20,10
19,24
67,60
50,55
44,34
99,3
54,55
67,64
82,76
17,94
20,8
8,14
42,46
1,91
21,30
7,9
29,25
71,66
35,30
57,58
7,17
46,41
63,76
43,53
10,100
57,59
57,52
14,16
43,31
24,17
79,8
33,18
20,32
22,25
78,73
12,12
73,78
46,58
92,2
46,52
28,38
50,58
78,89
83,97
1,92
46,34
41,55
19,19
83,77
66,52
44,48
47,58
79,81
24,19
59,64
88,95
92,1
11,23
81,84
20,15
64,60
84,80
24,29
65,67
73,73
88,75
12,19
3,90
45,44
12,5
41,63
16,22
86,81
94,3
73,75
35,23
79,90
0,92
26,24
84,93
61,44
38,33
94,83
15,18
69,60
96,97
13,26
40,35
90,95
50,53
96,96
1,4
91,86
76,76
73,64
43,41
98,90
32,36
30,27
52,74
7,24
47,46
6,93
87,80
14,12
26,36
67,48
10,97
55,50
23,31
34,23
35,32
31,30
36,46
63,73
29,12
58,69
8,6
42,44
86,92
56,70
65,76
25,39
81,90
36,35
77,90
57,48
94,89
26,25
53,51
40,44
58,57
7,19
7,2
24,22
40,37
57,50
15,9
60,79
43,27
49,37
29,16
13,36
57,70
69,73
81,76
7,25
55,48
80,61
48,45
13,16
57,51
22,30
87,86
91,79
84,84
58,47
98,14
33,34
25,12
41,45
27,26
76,83
15,16
35,31
58,65
95,90
66,69
66,51
29,24
8,23
61,62
6,19
64,55
42,23
75,60
65,78
13,11
12,4
91,86
32,19
31,37
7,28
78,77
4,13
20,8
21,5
64,66
44,43
51,57
28,32
89,2
86,89
46,49
3,5
45,47
95,87
5,96
72,79
76,78
51,71
49,61
54,45
64,70
10,19
41,32
62,65
19,26
4,4
58,67
91,96
89,79
59,59
93,0
2,95
9,16
93,94
99,9
74,73
19,12
48,59
68,92
73,75
67,55
1,96
0,13
96,95
96,0
26,21
36,43
59,64
65,73
52,49
86,90
0,89
14,23
95,11
74,70
94,98
6,0
6,10
49,41
62,73
97,95
69,71
18,19
0,91
41,48
22,36
6,3
17,16
76,82
31,24
9,20
40,37
80,71
65,57
84,84
2,92
52,62
3,5
4,3
12,20
36,51
31,8
51,67
0,99
7,4
70,76
0,88
13,28
35,18
42,6
14,23
94,92
38,65
84,82
64,65
7,1
94,85
1,94
7,7
80,88
49,76
86,89
3,96
88,84
76,81
47,41
51,55
9,18
67,66
6,98
78,64
36,27
56,61
22,20
4,1
7,100
66,43
28,34
99,99
60,54
18,12
78,68
50,42
68,57
90,0
87,76
74,56
43,55
44,44
9,1
40,31
0,98
70,69
85,88
52,56
50,62
48,66
22,22
75,69
90,98
10,30
10,1
49,48
62,56
9,98
100,14
24,16
89,98
90,88
86,87
26,47
74,63
25,34
12,5
35,38
41,39
94,93
84,86
79,72
22,25
16,7
27,35
18,12
7,40
11,19
83,84
79,85
67,61
26,25
97,79
12,18
24,13
17,10
6,20
4,17
28,9
48,68
88,77
40,43
91,90
12,89
57,58
82,85
87,93
32,37
42,60
75,82
90,95
22,30
69,65
97,96
21,21
53,46
1,7
23,15
9,14
39,58
48,50
51,44
5,18
19,20
5,4
1,96
43,40
37,37
85,79
81,81
97,88
51,53
11,6
56,63
83,73
100,94
83,93
10,16
73,75
44,44
36,21
12,9
38,67
96,2
78,71
48,64
52,77
61,57
68,56
58,54
57,64
82,84
49,41
6,5
77,76
28,41
86,75
40,39
92,6
35,38
83,90
80,80
20,36
70,73
73,85
42,49
76,3
85,67
76,62
54,60
27,36
34,39
94,4
37,48
48,48
22,11
42,30
87,77
76,86
1,99
35,32
7,8
97,96
91,99
65,50
71,77
37,46
74,87
48,40
44,47
45,59
97,1
38,43
7,90
38,46
31,42
68,62
72,79
62,72
2,2
15,16
81,77
62,72
31,24
60,79
40,50
60,43
31,22
73,76
9,9
4,94
81,71
50,41
9,16
52,48
49,63
4,11
59,58
8,95
13,13
98,4
16,11
0,97
39,35
71,68
74,63
6,15
4,4
96,91
67,62
51,54
36,42
93,84
67,63
0,100
24,34
40,36
11,14
0,9
16,17
83,68
21,26
13,8
89,74
43,33
4,31
96,5
22,26
50,64
51,52
49,54
77,66
40,37
72,63
7,16
15,10
40,34
93,8
75,65
66,93
7,25
24,30
5,5
10,20
17,7
43,45
37,38
9,5
16,19
56,60
42,58
4,11
70,77
72,84
90,81
80,90
14,23
90,5
89,1
85,86
90,91
93,95
28,21
84,90
77,71
23,18
45,55
44,35
27,25
98,100
19,28
39,31
35,51
53,46
33,24
7,7
5,89
20,23
1,22
35,21
32,37
8,20
16,96
15,12
20,22
49,50
48,51
42,54
8,29
27,21
29,26
89,89
55,62
59,57
65,53
31,21
100,7
100,87
53,49
62,81
71,66
19,24
67,68
22,13
49,54
56,44
74,76
71,71
49,42
7,17
10,28
9,21
95,0
18,10
7,3
26,26
72,75
75,78
50,54
60,67
59,52
26,29
70,78
76,66
81,77
27,40
91,89
71,2
89,4
61,72
7,28
22,18
49,50
23,14
96,95
66,60
48,57
52,62
99,5
100,88
4,12
13,10
89,95
63,61
72,54
65,62
83,88
16,4
92,82
52,46
30,39
68,79
35,35
86,92
32,37
1,9
35,38
3,96
79,77
32,31
44,56
62,75
98,9
4,19
89,97
2,100
3,90
69,63
19,26
38,60
65,66
26,6
19,24
52,52
74,63
45,45
28,32
51,48
75,76
6,11
87,78
1,3
15,12
10,31
18,17
38,35
33,34
38,43
77,73
29,17
12,97
41,37
64,51
27,24
88,4
4,8
57,73
55,71
47,33
6,20
58,36
94,7
14,20
77,86
93,92
0,97
67,83
87,89
28,37
61,56
32,25
29,17
41,22
26,24
7,11
74,54
68,71
57,52
71,62
85,89
58,68
23,12
38,45
15,17
78,86
3,4
51,41
32,33
68,47
78,97
45,34
37,27
0,4
1,0
67,57
38,43
2,23
67,91
49,58
94,85
36,17
1,5
4,6
48,46
82,100
61,61
3,13
85,90
84,84
49,61
34,21
44,39
91,100
51,51
24,28
12,19
55,52
100,90
77,80
89,96
53,52
23,21
81,94
71,66
35,40
99,97
60,57
21,31
62,91
35,29
46,37
54,55
99,90
15,23
8,5
47,40
34,16
42,41
57,63
16,16
40,45
39,57
21,11
28,18
99,4
82,84
14,100
9,13
59,58
76,84
53,45
23,15
71,65
11,24
25,14
89,97
49,68
19,23
60,49
21,29
97,0
91,99
34,33
88,76
17,18
2,89
70,72
95,86
56,48
27,19
82,89
5,7
6,18
100,90
27,11
86,72
25,6
50,56
22,31
37,42
53,42
88,77
46,50
52,64
59,74
96,15
88,95
86,75
87,85
33,21
93,95
4,11
87,84
91,82
24,15
6,5
3,97
85,86
91,1
94,2
58,54
23,48
10,12
55,52
30,32
35,37
34,30
55,63
69,53
17,28
47,47
47,42
17,8
77,69
63,71
78,78
96,86
97,91
77,67
8,26
26,42
53,50
75,80
4,18
15,16
46,55
24,35
57,54
83,95
94,85
31,36
62,51
32,30
65,58
46,43
78,87
30,37
100,97
80,97
41,36
28,39
77,87
53,44
27,31
40,64
11,22
75,73
79,75
8,15
14,16
49,56
39,37
73,80
37,39
92,87
65,84
21,33
37,46
35,26
3,2
99,87
2,13
54,53
42,41
55,48
52,52
10,13
51,47
63,56
29,33
14,28
53,39
24,42
31,24
44,55
15,15
96,100
66,57
65,66
67,42
74,85
23,23
94,84
18,13
60,68
6,3
29,26
100,94
1,99
70,60
31,8
58,63
66,68
6,11
90,84
20,9
11,27
40,30
59,58
54,66
14,12
37,29
4,94
19,33
95,7
86,77
39,23
69,66
58,63
79,92
96,12
35,23
78,82
51,35
76,76
75,99
60,60
70,56
11,3
51,62
98,0
6,92
79,73
16,18
26,27
88,82
13,13
47,55
14,27
86,91
44,45
60,68
36,25
84,87
45,32
34,31
8,12
4,1
59,71
32,45
12,97
77,77
10,31
37,33
33,43
25,15
72,76
67,68
68,65
34,52
96,4
100,11
47,36
2,0
11,10
14,13
96,94
82,83
51,50
19,33
98,7
57,42
33,19
5,12
44,41
26,26
8,15
48,44
58,58
96,98
35,45
67,73
20,93
38,51
34,32
82,71
100,3
7,11
41,45
11,99
3,13
6,10
73,77
96,0
45,48
56,53
15,13
6,93
81,69
95,85
13,21
3,99
47,56
79,91
57,56
11,99
68,46
60,55
20,11
95,97
53,63
85,89
54,53
16,18
16,9
69,61
85,70
17,39
14,17
25,19
15,33
47,43
94,91
51,44
53,53
40,43
90,83
86,95
22,27
96,14
28,19
26,25
22,18
73,67
100,1
67,84
55,53
57,52
60,64
63,80
37,20
50,50
62,72
7,91
96,81
40,37
80,73
23,33
93,98
24,23
78,72
41,24
84,95
81,74
66,69
61,63
40,54
72,67
14,18
48,53
14,24
34,45
40,34
23,30
18,33
82,82
76,72
4,11
66,65
37,41
75,64
38,29
85,83
66,83
17,31
12,93
54,62
30,27
36,39
52,53
95,94
28,54
26,33
67,55
42,45
17,23
20,10
54,45
72,73
57,47
54,46
6,5
51,48
67,64
64,73
66,81
72,61
48,52
46,43
58,63
100,100
75,83
1,93
56,75
76,66
97,89
11,17
7,20
72,71
17,15
0,5
4,100
45,39
20,26
18,19
33,27
31,43
82,86
73,66
63,49
20,22
76,68
8,3
31,42
21,18
76,97
25,21
71,71
17,11
23,46
9,11
23,28
79,83
35,42
74,85
88,0
3,6
45,59
64,66
45,47
100,90
90,15
76,83
87,84
47,48
63,69
71,62
61,63
77,76
37,48
32,45
83,90
1,86
66,77
0,11
9,98
38,38
92,5
55,61
70,74
4,1
4,79
36,40
82,77
4,19
24,35
54,56
75,71
13,26
33,29
7,5
87,99
70,71
7,4
2,4
74,77
74,86
0,92
85,81
11,97
0,87
67,80
61,64
35,24
23,30
59,47
75,77
79,97
22,23
66,63
98,6
95,3
12,30
95,6
93,87
69,79
97,7
63,64
87,69
98,95
47,44
99,18
21,18
80,92
1,5
73,81
39,36
43,67
81,81
75,68
20,12
46,38
77,67
31,34
87,86
41,51
96,4
99,97
52,64
54,33
27,17
3,0
80,94
14,11
25,31
92,3
95,94
27,24
36,26
62,73
68,51
55,55
38,42
71,69
92,1
28,15
66,68
94,1
69,74
6,9
30,19
14,9
56,43
44,49
70,81
65,61
85,90
21,36
30,33
23,26
36,27
7,13
52,43
30,39
88,75
7,22
58,52
87,89
64,74
92,0
97,99
95,84
84,78
0,96
87,90
50,49
43,41
19,27
64,89
49,57
67,71
62,79
40,41
6,17
46,33
82,62
12,2
33,37
34,34
97,13
34,26
92,93
80,78
0,84
63,70
90,0
94,95
14,27
98,8
3,19
97,15
79,98
78,93
49,53
76,77
40,39
61,76
50,34
54,72
81,89
17,9
82,85
64,78
33,34
85,87
80,88
66,85
9,93
89,76
76,69
83,92
19,11
31,44
99,95
1,7
25,24
95,4
51,64
8,2
83,76
16,22
57,53
46,47
68,61
20,2
46,58
95,96
7,0
81,70
87,74
72,66
91,92
55,54
88,92
30,29
82,63
52,45
58,72
52,59
3,88
41,51
56,52
48,52
8,10
21,9
19,20
11,10
34,36
30,48
97,10
71,55
96,100
93,98
98,3
3,3
10,36
28,22
61,74
59,56
20,43
94,6
70,62
82,78
52,56
34,41
20,23
69,64
41,47
83,72
63,59
8,22
6,5
45,52
64,70
83,95
32,37
40,45
98,1
76,92
2,95
86,81
33,44
75,82
20,21
27,21
31,33
96,79
48,35
80,77
42,40
33,36
6,14
49,44
82,82
53,56
31,20
41,31
88,79
6,88
16,26
2,92
28,15
51,44
7,3
22,45
1,90
69,70
19,25
29,35
36,45
46,34
34,29
2,6
69,63
55,63
11,90
39,56
27,35
51,55
55,45
97,91
36,40
48,58
17,9
94,5
4,11
3,90
8,31
84,92
76,77
0,20
63,44
20,15
71,74
54,65
40,56
23,22
32,48
26,20
19,33
4,98
49,36
51,63
68,78
32,34
2,15
33,31
41,46
61,59
14,14
57,74
87,90
42,48
6,100
92,90
97,0
12,22
5,15
51,44
86,97
3,84
58,61
18,18
26,27
95,10
52,47
41,48
18,13
29,33
39,38
52,47
23,23
78,70
60,50
11,25
7,2
40,32
88,69
29,23
19,40
50,44
10,4
69,69
54,48
74,77
38,48
84,99
65,72
65,61
48,74
45,45
13,19
79,74
25,11
79,80
35,33
57,63
47,56
47,66
32,21
68,73
1,99
26,15
60,69
9,95
19,27
57,60
55,54
53,66
2,16
5,1
42,47
18,18
91,19
34,51
40,24
71,73
28,37
90,86
93,14
18,6
50,41
37,23
97,87
25,41
26,24
33,40
59,49
48,56
39,28
58,60
65,72
93,95
45,64
94,87
60,53
30,31
19,6
10,3
24,40
22,39
27,39
71,71
66,58
72,77
39,56
9,12
16,23
9,27
47,49
73,87
77,76
84,1
29,30
35,32
49,50
66,60
3,3
98,0
63,71
52,51
3,97
45,48
65,69
78,92
81,93
100,6
85,91
16,18
82,70
73,84
8,8
70,83
24,15
61,73
16,14
8,84
64,76
2,15
72,68
91,4
7,93
54,40
19,14
11,10
30,19
36,42
12,12
57,42
82,85
66,58
11,28
18,19
33,30
36,41
87,83
47,53
28,26
4,3
5,6
86,94
37,45
88,96
70,60
65,66
50,65
66,58
52,62
100,2
80,75
2,10
45,36
23,16
97,100
62,58
36,48
26,21
50,78
75,68
51,32
99,0
95,94
74,86
44,25
8,23
26,23
82,84
87,78
86,9
52,30
66,49
2,22
94,3
23,33
40,18
74,80
99,7
50,57
16,24
7,17
53,37
80,89
64,69
62,55
38,27
47,38
16,12
54,59
65,70
44,49
30,29
75,87
6,100
73,75
82,99
39,43
46,33
89,90
52,47
51,48
11,96
46,33
57,60
21,23
52,49
39,32
64,79
100,97
0,89
62,75
62,75
16,27
12,20
35,36
17,14
31,24
90,94
75,74
46,48
92,74
84,89
47,56
33,30
43,26
22,12
44,49
39,33
26,31
91,93
13,2
89,89
30,46
25,25
17,22
74,73
94,94
62,46
13,18
43,55
48,50
80,61
64,75
6,100
95,2
88,78
87,92
40,39
71,69
10,1
20,50
10,29
4,0
98,2
9,10
72,87
41,19
58,53
81,91
15,29
72,77
98,1
55,66
88,94
47,55
21,30
1,7
76,77
19,15
49,29
55,45
14,98
36,45
97,5
97,91
81,83
25,42
54,47
58,64
52,52
64,75
41,36
47,47
85,94
72,82
72,90
12,17
96,96
9,31
63,70
63,74
99,90
0,18
19,21
36,55
70,70
9,8
58,61
6,99
78,85
55,39
15,13
19,31
68,65
48,43
63,45
93,92
67,55
21,24
81,86
4,90
28,36
48,42
93,81
38,35
40,36
87,86
97,91
84,75
63,67
96,19
82,79
58,68
66,82
32,24
41,46
0,99
54,54
92,90
34,47
32,49
80,79
7,23
60,69
95,90
83,82
57,64
63,80
7,20
8,87
0,2
55,66
92,85
62,61
50,64
34,19
46,52
63,66
94,94
31,29
41,47
88,80
12,13
12,13
21,19
77,75
32,7
18,20
3,99
90,98
7,38
58,63
95,0
59,73
69,56
44,36
77,71
15,37
32,30
86,89
57,57
90,87
66,76
73,60
32,27
98,5
16,17
49,36
78,63
74,62
10,10
28,21
29,29
84,92
80,73
85,79
2,1
67,73
29,19
54,68
48,58
87,91
63,57
68,56
68,63
44,40
64,68
15,20
0,4
25,22
80,72
14,8
67,61
40,19
48,47
78,71
40,41
91,88
96,94
44,47
41,44
5,20
61,58
93,88
64,84
98,0
52,49
94,88
82,71
21,9
38,51
64,52
59,48
7,5
73,69
49,54
91,85
51,55
72,100
2,0
90,93
69,80
8,7
72,68
87,93
89,92
1,99
17,32
18,21
52,52
37,44
66,71
85,67
41,57
27,42
2,14
36,22
2,87
75,67
50,57
100,95
51,62
70,74
96,1
10,16
48,56
77,72
94,96
42,36
0,97
9,95
31,24
97,86
48,45
29,15
12,11
94,0
83,85
29,24
47,46
21,13
15,10
80,97
14,23
61,56
17,18
13,15
44,50
86,89
39,52
22,21
5,28
52,41
64,60
11,2
50,48
81,89
26,25
3,97
61,57
72,73
2,1
17,24
33,31
86,81
23,26
84,87
12,18
1,4
51,38
20,8
1,15
22,18
20,28
48,48
79,95
93,6
16,15
85,75
36,33
1,94
47,40
76,67
47,59
93,3
36,53
33,33
23,36
96,91
86,3
60,54
19,20
80,83
18,18
25,44
63,71
36,39
35,28
12,6
51,38
40,42
24,33
100,0
40,35
91,19
64,51
40,36
68,80
87,1
99,93
24,25
12,20
16,15
75,89
38,34
68,66
100,93
82,78
37,35
75,77
89,93
14,10
92,86
91,3
63,62
64,71
92,84
13,7
8,97
34,19
86,89
17,33
89,1
65,62
76,69
12,16
27,10
56,50
3,4
98,3
13,8
63,73
40,31
89,85
25,18
56,57
92,94
21,9
91,93
38,37
31,28
71,70
5,97
19,24
72,52
1,0
23,26
24,32
43,38
68,76
4,4
86,78
35,37
24,21
22,21
1,94
40,56
83,79
84,98
91,10
54,65
66,55
73,73
3,0
89,93
2,96
98,96
78,74
46,52
57,47
56,63
0,94
95,9
51,52
15,18
57,62
67,68
58,75
44,32
46,52
66,66
63,57
68,65
48,66
91,92
93,79
89,97
92,14
10,11
15,17
97,6
91,90
24,13
90,96
48,34
22,32
91,97
23,17
53,48
63,76
94,78
79,83
0,2
26,23
42,48
12,7
98,94
89,94
46,43
44,41
50,67
79,91
68,69
57,48
69,85
46,36
15,6
54,66
86,83
26,13
25,35
56,61
16,15
59,64
58,75
98,87
15,94
86,0
4,22
49,55
82,85
45,27
47,39
29,13
66,80
39,55
38,44
92,77
47,43
89,80
99,0
49,51
63,77
100,2
68,85
49,45
100,100
88,89
1,19
55,47
53,57
1,16
32,19
48,48
12,15
55,46
78,72
90,2
40,28
69,83
80,91
36,23
96,14
35,24
18,4
95,0
16,17
6,99
75,71
55,59
54,65
93,91
78,74
21,26
5,96
75,59
59,58
38,30
9,98
38,39
61,59
57,63
12,21
67,75
72,71
10,16
85,93
12,10
83,79
1,11
69,78
18,19
100,9
35,41
54,77
2,15
91,1
50,47
15,35
15,22
49,66
33,13
80,86
17,0
73,71
34,31
16,22
8,4
78,83
6,10
22,27
22,9
2,0
19,25
55,73
77,85
46,39
25,37
92,86
9,95
78,92
26,25
66,76
32,55
61,72
51,69
99,97
91,1
52,58
43,44
73,79
96,92
1,1
44,50
19,6
28,31
62,71
80,82
57,49
91,90
47,56
44,47
85,83
7,10
92,79
28,28
66,62
77,90
61,73
38,47
51,67
36,43
64,70
48,31
51,64
26,28
52,38
81,72
42,31
8,100
45,28
26,27
42,50
91,78
96,89
63,76
51,60
69,66
66,59
1,3
78,93
61,53
35,44
80,77
74,55
15,10
69,76
19,19
73,79
92,90
35,36
49,55
60,55
81,62
13,5
21,20
84,81
28,37
53,44
90,84
9,7
82,76
47,53
12,21
24,15
32,26
7,8
16,14
94,17
75,68
22,8
41,53
63,58
19,16
74,72
37,18
71,59
78,79
72,77
43,37
20,30
61,60
33,31
88,93
8,31
42,26
37,33
9,89
21,44
75,74
32,38
63,56
60,62
91,86
11,13
100,89
50,49
68,65
54,59
71,72
23,24
100,88
57,60
82,65
80,84
72,69
89,89
50,47
40,58
94,97
83,82
5,7
43,39
94,2
50,54
92,6
80,68
33,46
4,1
53,36
95,94
77,92
42,54
80,82
39,36
29,42
94,73
63,68
80,80
56,58
14,20
72,74
44,56
34,32
13,9
88,79
6,7
46,58
8,10
5,0
31,27
66,68
66,51
84,89
54,60
57,54
93,71
66,64
90,77
6,89
64,52
76,87
46,46
36,34
36,45
25,37
95,85
32,28
63,64
30,20
3,3
99,92
63,63
22,24
14,6
54,57
91,80
19,10
18,9
38,51
80,96
63,47
64,54
74,71
26,15
6,96
18,18
21,11
22,13
36,36
17,21
56,47
84,99
78,75
11,0
44,54
88,93
30,31
40,54
15,6
65,43
57,58
5,4
8,16
3,85
6,5
80,84
91,98
25,38
82,77
58,56
82,86
75,76
37,35
26,42
70,62
66,78
48,41
35,24
58,60
63,45
100,6
35,34
37,42
70,74
82,81
29,30
43,30
97,1
71,79
33,42
18,21
16,30
23,5
34,32
99,89
51,55
7,6
96,92
74,82
85,89
70,75
61,65
52,55
85,80
77,76
63,73
46,49
73,75
75,58
5,93
86,97
44,33
36,44
6,98
56,46
58,50
15,16
17,29
88,84
42,20
92,10
56,59
97,82
51,51
60,67
16,18
65,76
9,18
82,76
35,54
52,57
68,74
31,29
71,68
8,31
75,88
2,13
38,39
78,88
66,61
23,17
63,74
88,92
43,31
89,6
46,23
49,63
36,41
41,33
99,93
33,22
37,56
85,74
41,22
84,91
91,100
14,17
79,71
17,18
22,20
31,33
1,21
3,12
75,60
14,11
65,67
22,8
47,31
59,75
41,29
36,30
73,89
85,81
49,65
33,45
74,73
60,51
17,18
96,1
65,84
99,87
43,63
25,27
83,84
32,35
36,52
92,90
22,2
73,77
99,9
45,24
33,51
57,63
77,58
50,51
3,1
62,65
58,58
98,92
43,49
1,100
49,49
0,6
8,98
88,71
10,11
39,48
17,8
87,92
35,29
10,7
63,73
2,11
84,80
4,15
64,71
50,57
46,55
30,20
37,41
33,45
25,38
91,0
15,11
89,88
89,93
37,30
21,32
23,38
9,16
10,95
35,29
64,57
95,94
18,13
74,63
38,30
88,96
29,36
36,38
20,10
12,4
60,58
99,89
50,58
54,51
64,58
7,1
52,63
55,47
20,24
4,7
77,89
48,63
78,75
86,14
98,7
72,82
66,74
22,16
11,31
60,60
32,31
68,78
41,22
16,15
36,62
26,21
92,60
15,30
52,61
81,70
66,67
46,65
70,73
24,13
0,2
33,22
90,86
84,87
11,27
46,70
72,67
13,2
36,34
41,37
31,30
83,86
59,54
44,34
22,22
96,6
34,44
19,19
1,97
6,22
47,31
68,68
69,61
68,87
35,33
26,29
72,69
6,99
100,5
81,86
99,0
7,97
43,47
56,54
93,99
28,43
100,17
3,2
4,0
28,51
5,17
36,18
71,69
75,72
35,40
63,58
58,48
1,9
96,0
47,42
49,50
1,89
56,53
27,32
92,81
70,64
59,53
93,96
100,17
70,63
43,51
77,78
72,65
47,55
94,94
37,49
74,65
89,93
45,53
61,56
63,48
58,70
28,30
18,8
96,94
75,64
25,29
67,57
75,74
34,40
85,67
100,93
9,14
83,86
32,28
16,37
66,79
52,59
5,5
60,68
93,9
78,68
66,67
97,90
78,57
24,9
27,25
77,92
7,14
1,14
42,35
3,20
11,96
5,20
75,74
62,70
53,55
53,36
53,55
90,94
95,95
14,12
37,42
96,93
77,92
54,65
33,27
15,26
28,30
37,41
44,62
40,36
0,3
66,53
63,71
43,47
40,17
28,44
15,22
73,87
69,74
89,85
74,60
65,61
98,84
65,58
72,69
77,87
80,77
88,89
7,16
31,26
74,85
72,70
87,90
50,61
0,95
51,45
35,43
89,91
39,51
26,25
33,33
30,15
92,91
5,16
72,80
67,56
11,25
73,73
68,69
44,26
99,8
37,29
99,5
43,41
1,21
67,63
96,0
83,85
31,45
20,17
4,82
85,100
94,83
30,32
56,34
61,66
96,96
89,84
53,39
92,98
87,79
7,15
99,2
50,42
74,70
86,92
6,21
54,60
98,99
39,39
23,21
25,17
82,85
42,26
76,73
62,60
100,87
87,77
30,36
51,50
56,53
99,11
48,53
4,7
20,33
57,61
7,2
13,22
6,5
51,46
12,19
30,41
89,92
26,17
3,5
16,4
41,46
75,74
80,62
36,58
10,3
25,40
78,69
65,81
94,89
14,2
23,26
85,80
96,99
78,86
30,21
3,18
86,74
39,45
61,59
57,47
93,85
28,25
29,48
82,85
98,91
87,90
47,58
9,18
88,87
84,81
74,88
71,78
76,84
80,92
3,10
1,99
87,91
2,6
17,25
81,63
80,93
83,69
76,85
54,42
56,75
96,7
98,0
1,4
31,38
49,37
58,74
85,60
48,65
22,100
32,27
13,15
16,9
18,16
72,55
68,62
18,6
37,43
32,40
82,74
93,85
96,98
56,59
72,95
15,20
92,89
54,60
21,23
65,65
31,46
8,3
35,40
18,23
40,33
70,69
15,28
68,75
37,31
55,37
52,44
8,12
20,16
24,32
90,98
100,97
80,66
2,100
66,77
12,6
58,78
94,96
0,2
